Tilte,Company,Location,Link
Python Web Application Developer (Entry or Mid Level),"Cipher Tech Solutions, Inc",No office location,https://stackoverflow.com/jobs/561032/python-web-application-developer-entry-or-mid-cipher-tech-solutions-inc
"Senior Software Engineer, Python",Chaturbate,"San Francisco, CA",https://stackoverflow.com/jobs/566183/senior-software-engineer-python-chaturbate
Python Developer,Risk Focus,No office location,https://stackoverflow.com/jobs/552173/python-developer-risk-focus
Python Entwickler*in Remote (f/m/d),Ambient,"KÃ¶ln, Deutschland",https://stackoverflow.com/jobs/493874/python-entwickler-in-remote-f-m-d-ambient
Python Developer (Remote),X-Team,No office location,https://stackoverflow.com/jobs/534454/python-developer-remote-x-team
"Python Back End Developer (FastAPI, Django, Celery)","Daupler, Inc.","Kansas City, MO",https://stackoverflow.com/jobs/523350/python-back-end-developer-fastapi-django-daupler-inc
Python Developer (Remote),Finsera,No office location,https://stackoverflow.com/jobs/524065/python-developer-remote-finsera
Software Engineer - Python - Kubernetes,Canonical,No office location,https://stackoverflow.com/jobs/566356/software-engineer-python-kubernetes-canonical
"Python Software Engineer, Commercial Systems",Canonical,No office location,https://stackoverflow.com/jobs/566450/python-software-engineer-commercial-systems-canonical
Senior Full Stack Engineer (Python/JavaScript),Night Market,No office location,https://stackoverflow.com/jobs/566448/senior-full-stack-engineer-python-javascript-night-market
"Data Engineer (Python, ETL)",Finsera,No office location,https://stackoverflow.com/jobs/536631/data-engineer-python-etl-finsera
Full Stack Engineer (Mid-level - Python/JavaScript),Night Market,No office location,https://stackoverflow.com/jobs/566449/full-stack-engineer-mid-level-python-night-market
"Senior Software Engineer, Integration QA, Python",Canonical,No office location,https://stackoverflow.com/jobs/519661/senior-software-engineer-integration-qa-python-canonical
"SENIOR FULL-STACK DEV WITH RUBY / PYTHON / REACT NATIVE -- 100% REMOTE, FLEXIBLE",Analytics Fire,No office location,https://stackoverflow.com/jobs/517987/senior-full-stack-dev-with-ruby-python-react-analytics-fire
"3D Pipeline Engineer (Python, Blender)",Geomagical Labs,"Mountain View, CA",https://stackoverflow.com/jobs/565737/3d-pipeline-engineer-python-blender-geomagical-labs
Software Engineer - Python - Optimise Ubuntu for Public Clouds,Canonical,No office location,https://stackoverflow.com/jobs/561738/software-engineer-python-optimise-ubuntu-for-canonical
"Senior Python Software Developer (m/f/d) @ our Partner ADSPERT (Berlin, remote)",solute GmbH,"Berlin, Deutschland",https://stackoverflow.com/jobs/547853/senior-python-software-developer-m-f-d-our-solute-gmbh
Senior Fullstack Engineer (Python/Django/React)- #12 of Top-100 Marketplaces,StyleSeat,No office location,https://stackoverflow.com/jobs/561047/senior-fullstack-engineer-python-django-react-styleseat
HPC Engineering Manager - Python & Linux,Canonical,No office location,https://stackoverflow.com/jobs/565980/hpc-engineering-manager-python-linux-canonical
"Insider Threat Engineer, Remote, Banking, Finance, Python, information security",MUFG,No office location,https://stackoverflow.com/jobs/566297/insider-threat-engineer-remote-banking-finance-mufg
"Senior .Net Developer for ML, Computer Vision and Python Algorithm development",MapLarge,No office location,https://stackoverflow.com/jobs/165235/senior-net-developer-for-ml-computer-vision-and-maplarge
Mobile React Native Developer (Remote),Soshace LLC,No office location,https://stackoverflow.com/jobs/566209/mobile-react-native-developer-remote-soshace-llc
Frontend React.js Developer (Remote),Soshace LLC,No office location,https://stackoverflow.com/jobs/566207/frontend-reactjs-developer-remote-soshace-llc
Node.js Developer (Remote),Soshace LLC,No office location,https://stackoverflow.com/jobs/566208/nodejs-developer-remote-soshace-llc
Backend Engineer - Remote/On-Site,eLearning Industry,"Athens, Greece",https://stackoverflow.com/jobs/566140/backend-engineer-remote-on-site-elearning-industry
Senior Python Engineer,Clevertech,Anywhere in the World,https://weworkremotely.com/remote-jobs/clevertech-senior-python-engineer-3
Senior Open Source Software Engineer (Python),Ethyca,USA Only,https://weworkremotely.com/remote-jobs/ethyca-senior-open-source-software-engineer-python-2
"Senior Open Source Developer & DevOps (Python, Django, React, AWS/OpenStack)",OpenCraft,Anywhere in the World,https://weworkremotely.com/remote-jobs/opencraft-senior-open-source-developer-devops-python-django-react-aws-openstack
Python / GoLang Developer (Web Scraping) ,Spider.com,USA Only,https://weworkremotely.com/remote-jobs/spider-com-python-golang-developer-web-scraping
Full Stack Developer (strong Python and Django),PixBuffer Software,Anywhere in the World,https://weworkremotely.com/remote-jobs/pixbuffer-software-full-stack-developer-strong-python-and-django
Senior Python Developer,Kaiju Capital Management,Anywhere in the World,https://weworkremotely.com/remote-jobs/kaiju-capital-management-senior-python-developer-1
(Senior) Python Full Stack Software Developer,Optimile,Europe Only,https://weworkremotely.com/remote-jobs/optimile-senior-python-full-stack-software-developer
"Software Engineer - Python, Remote",Myagi,Anywhere in the World,https://weworkremotely.com/remote-jobs/myagi-software-engineer-python-remote-2
Python Developer - Remote,"Upstack Technologies, Inc.",Americas Only / Europe Only,https://weworkremotely.com/remote-jobs/upstack-technologies-inc-python-developer-remote
Senior Software Developer - Python (EU & South America),Ebury,Anywhere in the World,https://weworkremotely.com/remote-jobs/ebury-senior-software-developer-python-eu-south-america
Senior Back End Developer (Python),EventMobi,Anywhere in the World,https://weworkremotely.com/remote-jobs/eventmobi-senior-back-end-developer-python
Badass Software Agency Seeks Awesome Python Engineer,Badass Software Agency,USA Only,https://weworkremotely.com/remote-jobs/badass-software-agency-badass-software-agency-seeks-awesome-python-engineer
Python Developer,X-Team,Anywhere in the World,https://weworkremotely.com/remote-jobs/x-team-python-developer-2
Lead Python Engineer,TradeCore Group Limited,Anywhere in the World,https://weworkremotely.com/remote-jobs/tradecore-group-limited-lead-python-engineer
Full Stack Python / Django Developer,BlueInk,Anywhere in the World,https://weworkremotely.com/listings/blueink-full-stack-python-django-developer
